Workbook

Sheet 1. Remediation Roadmap
A1: Remediation Roadmap — HealthNet Ireland Ltd
A2: All 48 gaps from Task 4, organised into 3 phases: quick wins & policy fixes (0-3mo) -> process, training & vendor reviews (3-6mo) -> strategic, tooling & cultural change (6-12mo)
A4: Ref | B4: Domain | C4: Remediation Action | D4: Priority | E4: Phase | F4: Timeframe | G4: Effort | H4: Owner
A5: GOV-01 | B5: Governance & Accountability | C5: Present risk-management measures to the board for formal sign-off; record approval in board minutes. | D5: High | E5: Phase 1 | F5: 0-3 months | G5: Low | H5: CEO
A6: GOV-02 | B6: Governance & Accountability | C6: Build a quarterly cyber risk dashboard (incidents, top risks, training %, patching status) as a standing board agenda item. | D6: High | E6: Phase 1 | F6: 0-3 months | G6: Low | H6: IT Manager
A7: GOV-03 | B7: Governance & Accountability | C7: Establish an annual structured cybersecurity training programme for all board members, with attendance tracked. | D7: Medium | E7: Phase 2 | F7: 3-6 months | G7: Medium | H7: CEO
A8: GOV-04 | B8: Governance & Accountability | C8: Enforce annual training completion to 100%, with automated reminders and escalation for non-completers. | D8: Medium | E8: Phase 2 | F8: 3-6 months | G8: Medium | H8: HR
A9: RSK-01 | B9: Risk Analysis & Policies | C9: Review and re-approve the Information Security Policy; establish an annual review cycle going forward. | D9: Medium | E9: Phase 1 | F9: 0-3 months | G9: Low | H9: IT Manager
A10: RSK-02 | B10: Risk Analysis & Policies | C10: Adopt a risk assessment methodology (e.g. ISO 27005-aligned) and run the first full risk assessment. | D10: High | E10: Phase 1 | F10: 0-3 months | G10: Medium | H10: IT Manager
A11: RSK-03 | B11: Risk Analysis & Policies | C11: Build and populate a risk register with owners, scores, and treatment decisions; review quarterly. | D11: High | E11: Phase 1 | F11: 0-3 months | G11: Medium | H11: IT Manager
A12: RSK-04 | B12: Risk Analysis & Policies | C12: Extend risk assessments to cover physical and environmental hazards (server room access, fire, power). | D12: Medium | E12: Phase 2 | F12: 3-6 months | G12: Medium | H12: IT Manager
A13: INC-01 | B13: Incident Handling | C13: Develop a full incident response plan: severity classification, roles, escalation paths, and playbooks for ransomware/data breach scenarios. | D13: High | E13: Phase 2 | F13: 3-6 months | G13: High | H13: IT Manager
A14: INC-02 | B14: Incident Handling | C14: Consolidate incident detection into a dedicated central incident register, separate from general IT tickets. | D14: Medium | E14: Phase 2 | F14: 3-6 months | G14: Medium | H14: IT Manager
A15: INC-03 | B15: Incident Handling | C15: Define incident response roles (incl. a deputy) and establish an out-of-hours on-call rota. | D15: Medium | E15: Phase 2 | F15: 3-6 months | G15: Low | H15: IT Manager
... A52: REG-02 | B52: Registration & Regulator Engagement | C52: Assign a named owner to monitor Irish NIS2 transposition and NCSC guidance developments. | D52: Low | E52: Phase 1 | F52: 0-3 months | G52: Low | H52: DPO

Sheet 2. Roadmap Summary
A1: Roadmap Summary — HealthNet Ireland Ltd
A2: Live counts calculated from Sheet '1. Remediation Roadmap'
A4: GAPS BY PHASE
A5: Phase | B5: Timeframe | C5: Total | D5: High Priority | E5: % of All Gaps
A6: Phase 1 | B6: 0-3 months | C6: =COUNTIF('1. Remediation Roadmap'!$E$5:$E$52,A6) -> 19 | D6: =COUNTIFS('1. Remediation Roadmap'!$E$5:$E$52,A6,'1. Remediation Roadmap'!$D$5:$D$52,"High") -> 12 | E6: =C6/COUNTA('1. Remediation Roadmap'!$A$5:$A$52) -> 0.39583333
A7: Phase 2 | B7: 3-6 months | C7: =COUNTIF('1. Remediation Roadmap'!$E$5:$E$52,A7) -> 21 | D7: =COUNTIFS('1. Remediation Roadmap'!$E$5:$E$52,A7,'1. Remediation Roadmap'!$D$5:$D$52,"High") -> 4 | E7: =C7/COUNTA('1. Remediation Roadmap'!$A$5:$A$52) -> 0.4375
A8: Phase 3 | B8: 6-12 months | C8: =COUNTIF('1. Remediation Roadmap'!$E$5:$E$52,A8) -> 8 | D8: =COUNTIFS('1. Remediation Roadmap'!$E$5:$E$52,A8,'1. Remediation Roadmap'!$D$5:$D$52,"High") -> 0 | E8: =C8/COUNTA('1. Remediation Roadmap'!$A$5:$A$52) -> 0.16666667
A10: WORKLOAD BY OWNER
A11: Owner | B11: Total Actions | C11: Phase 1 | D11: Phase 2 | E11: Phase 3
A12: IT Manager | B12: =COUNTIF('1. Remediation Roadmap'!$H$5:$H$52,A12) -> 20 | C12: =COUNTIFS('1. Remediation Roadmap'!$H$5:$H$52,A12,'1. Remediation Roadmap'!$E$5:$E$52,"Phase 1") -> 6 | D12: =COUNTIFS('1. Remediation Roadmap'!$H$5:$H$52,A12,'1. Remediation Roadmap'!$E$5:$E$52,"Phase 2") -> 8 | E12: =COUNTIFS('1. Remediation Roadmap'!$H$5:$H$52,A12,'1. Remediation Roadmap'!$E$5:$E$52,"Phase 3") -> 6
A13: Platform Lead | B13: =COUNTIF('1. Remediation Roadmap'!$H$5:$H$52,A13) -> 8 | C13: =COUNTIFS('1. Remediation Roadmap'!$H$5:$H$52,A13,'1. Remediation Roadmap'!$E$5:$E$52,"Phase 1") -> 4 | D13: =COUNTIFS('1. Remediation Roadmap'!$H$5:$H$52,A13,'1. Remediation Roadmap'!$E$5:$E$52,"Phase 2") -> 3 | E13: =COUNTIFS('1. Remediation Roadmap'!$H$5:$H$52,A13,'1. Remediation Roadmap'!$E$5:$E$52,"Phase 3") -> 1
A14: Dev Lead | B14: =COUNTIF('1. Remediation Roadmap'!$H$5:$H$52,A14) -> 3 | C14: =COUNTIFS('1. Remediation Roadmap'!$H$5:$H$52,A14,'1. Remediation Roadmap'!$E$5:$E$52,"Phase 1") -> 1 | D14: =COUNTIFS('1. Remediation Roadmap'!$H$5:$H$52,A14,'1. Remediation Roadmap'!$E$5:$E$52,"Phase 2") -> 2 | E14: =COUNTIFS('1. Remediation Roadmap'!$H$5:$H$52,A14,'1. Remediation Roadmap'!$E$5:$E$52,"Phase 3") -> 0
A15: CEO | B15: =COUNTIF('1. Remediation Roadmap'!$H$5:$H$52,A15) -> 3 | C15: =COUNTIFS('1. Remediation Roadmap'!$H$5:$H$52,A15,'1. Remediation Roadmap'!$E$5:$E$52,"Phase 1") -> 1 | D15: =COUNTIFS('1. Remediation Roadmap'!$H$5:$H$52,A15,'1. Remediation Roadmap'!$E$5:$E$52,"Phase 2") -> 2 | E15: =COUNTIFS('1. Remediation Roadmap'!$H$5:$H$52,A15,'1. Remediation Roadmap'!$E$5:$E$52,"Phase 3") -> 0
A16: HR | B16: =COUNTIF('1. Remediation Roadmap'!$H$5:$H$52,A16) -> 4 | C16: =COUNTIFS('1. Remediation Roadmap'!$H$5:$H$52,A16,'1. Remediation Roadmap'!$E$5:$E$52,"Phase 1") -> 2 | D16: =COUNTIFS('1. Remediation Roadmap'!$H$5:$H$52,A16,'1. Remediation Roadmap'!$E$5:$E$52,"Phase 2") -> 2 | E16: =COUNTIFS('1. Remediation Roadmap'!$H$5:$H$52,A16,'1. Remediation Roadmap'!$E$5:$E$52,"Phase 3") -> 0
A17: Ops | B17: =COUNTIF('1. Remediation Roadmap'!$H$5:$H$52,A17) -> 2 | C17: =COUNTIFS('1. Remediation Roadmap'!$H$5:$H$52,A17,'1. Remediation Roadmap'!$E$5:$E$52,"Phase 1") -> 0 | D17: =COUNTIFS('1. Remediation Roadmap'!$H$5:$H$52,A17,'1. Remediation Roadmap'!$E$5:$E$52,"Phase 2") -> 2 | E17: =COUNTIFS('1. Remediation Roadmap'!$H$5:$H$52,A17,'1. Remediation Roadmap'!$E$5:$E$52,"Phase 3") -> 0
A18: Legal | B18: =COUNTIF('1. Remediation Roadmap'!$H$5:$H$52,A18) -> 1 | C18: =COUNTIFS('1. Remediation Roadmap'!$H$5:$H$52,A18,'1. Remediation Roadmap'!$E$5:$E$52,"Phase 1") -> 0 | D18: =COUNTIFS('1. Remediation Roadmap'!$H$5:$H$52,A18,'1. Remediation Roadmap'!$E$5:$E$52,"Phase 2") -> 1 | E18: =COUNTIFS('1. Remediation Roadmap'!$H$5:$H$52,A18,'1. Remediation Roadmap'!$E$5:$E$52,"Phase 3") -> 0
A19: Product | B19: =COUNTIF('1. Remediation Roadmap'!$H$5:$H$52,A19) -> 1 | C19: =COUNTIFS('1. Remediation Roadmap'!$H$5:$H$52,A19,'1. Remediation Roadmap'!$E$5:$E$52,"Phase 1") -> 0 | D19: =COUNTIFS('1. Remediation Roadmap'!$H$5:$H$52,A19,'1. Remediation Roadmap'!$E$5:$E$52,"Phase 2") -> 0 | E19: =COUNTIFS('1. Remediation Roadmap'!$H$5:$H$52,A19,'1. Remediation Roadmap'!$E$5:$E$52,"Phase 3") -> 1
A20: DPO | B20: =COUNTIF('1. Remediation Roadmap'!$H$5:$H$52,A20) -> 6 | C20: =COUNTIFS('1. Remediation Roadmap'!$H$5:$H$52,A20,'1. Remediation Roadmap'!$E$5:$E$52,"Phase 1") -> 5 | D20: =COUNTIFS('1. Remediation Roadmap'!$H$5:$H$52,A20,'1. Remediation Roadmap'!$E$5:$E$52,"Phase 2") -> 1 | E20: =COUNTIFS('1. Remediation Roadmap'!$H$5:$H$52,A20,'1. Remediation Roadmap'!$E$5:$E$52,"Phase 3") -> 0
A22: KEY TAKEAWAY
A23: The IT Manager owns roughly 40% of all 48 remediation actions across every phase — a direct consequence of HealthNet having no dedicated security/GRC function today. This single finding is itself a board-level recommendation: without a dedicated hire (or this engagement), the roadmap's own timeline is at risk from one person's bandwidth.
