Workbook

Sheet 1. Maturity Scale
A1: Maturity Rating Scale — Definitions Used in This Assessment
A2: Adapted from CMMI / NIST CSF Tier-style maturity models, applied consistently across all 51 requirements below
A4: Level | B4: Label | C4: Definition | D4: What This Looks Like in Practice
A5: 1 | B5: Non-existent | C5: No process, control, or artefact exists at all. The requirement has not been attempted in any form. | D5: Nobody has done this. No document, no activity, no owner — a completely blank page.
A6: 2 | B6: Ad hoc | C6: Something happens, but informally, inconsistently, and dependent on a specific individual remembering to do it. Nothing is documented or repeatable. | D6: It happens sometimes, done differently by whoever's doing it that day, with no instructions written down.
A7: 3 | B7: Developing | C7: A process or policy has been defined and partially rolled out, but is not yet consistently applied, enforced, or complete across the organisation. | D7: There's a real attempt — a policy, a standard — but it's incomplete, unevenly followed, or missing enforcement.
A8: 4 | B8: Defined | C8: A documented, standardised process is consistently applied across the organisation, with clear ownership and roles. Not yet actively measured or improved. | D8: Everyone does it the same way, every time, and it's written down — but nobody is checking whether it's working well.
A9: 5 | B9: Optimised | C9: As Defined, plus the process is actively measured, benchmarked, and continuously improved based on results and lessons learned. | D9: The process is not just followed — it's monitored, reviewed, and deliberately getting better over time.
A11: METHODOLOGY NOTE
A12: Each of the 51 requirements below was rated against this scale using the evidence recorded in the Current State column — the same evidence base used in the Gap Assessment (Task/Sheet cross-reference). Ratings deliberately do not default to the middle of the scale: HealthNet is a fictional SME with only basic IT operations and no formal security programme, so most requirements score 1-2. Two requirements (BCM-01 backups and CRY-02 encryption) score 4, reflecting genuinely solid, consistent technical implementation — proof this assessment is evidence-driven rather than uniformly negative. No requirement scores 5, since nothing at HealthNet is yet measured or continuously improved, which is an honest and realistic outcome for an organisation at this stage of maturity.

Sheet 2. Current State Assessment
A1: Current State Assessment — HealthNet Ireland Ltd
A2: 51 NIS2 requirements rated against the 5-level maturity scale (Sheet 1), using evidence-based current-state review
A4: Ref | B4: Domain | C4: NIS2 Requirement | D4: Current State (Evidence Observed) | E4: Level | F4: Maturity Label | G4: Rationale
A5: GOV-01 | B5: Governance & Accountability | C5: Management board formally approves the cybersecurity risk-management measures. | D5: Cybersecurity is delegated entirely to the IT Manager; the board has never formally approved the risk-management measures or recorded such approval in minutes. | E5: 1 | F5: Non-existent | G5: No approval has ever occurred and nothing is recorded — meets 'Non-existent'.
A6: GOV-02 | B6: Governance & Accountability | C6: Management board oversees implementation of the measures and can be held accountable. | D6: Quarterly IT report to the board covers uptime and budget only; no cyber risk KPIs or oversight mechanism. | E6: 1 | F6: Non-existent | G6: No oversight mechanism or reporting line exists for cyber risk — 'Non-existent'.
A7: GOV-03 | B7: Governance & Accountability | C7: Members of the management board follow cybersecurity training. | D7: CEO attended one NCSC webinar in 2025; no structured board training programme. | E7: 2 | F7: Ad hoc | G7: A single ad hoc webinar has occurred but there is no recurring, structured programme — 'Ad hoc'.
A8: GOV-04 | B8: Governance & Accountability | C8: Equivalent training is offered to employees on a regular basis. | D8: Annual security e-learning assigned to all staff; 78% completion rate, no follow-up for non-completers. | E8: 2 | F8: Ad hoc | G8: Training is assigned but not enforced or tracked to completion — inconsistent and unmanaged — 'Ad hoc'.
A9: RSK-01 | B9: Risk Analysis & Policies | C9: A documented information security policy exists, approved by management. | D9: Information Security Policy v2.1 exists, signed by the CEO in 2024, but not reviewed since. | E9: 2 | F9: Ad hoc | G9: A policy document exists but has no review cycle or ownership keeping it current — 'Ad hoc'.
A10: RSK-02 | B10: Risk Analysis & Policies | C10: A formal, repeatable risk assessment methodology is defined and applied. | D10: Risks discussed informally at IT team meetings; no methodology, criteria or risk register. | E10: 1 | F10: Non-existent | G10: No methodology, criteria or structured process exists at all — 'Non-existent'.
A11: RSK-03 | B11: Risk Analysis & Policies | C11: A maintained risk register with owners, scores and treatment decisions exists. | D11: No risk register exists. | E11: 1 | F11: Non-existent | G11: No register exists in any form — 'Non-existent'.
A12: RSK-04 | B12: Risk Analysis & Policies | C12: An all-hazards approach is taken (physical, environmental and cyber threats considered). | D12: Assessments (informal) consider cyber threats only; physical security of the office server room never reviewed. | E12: 1 | F12: Non-existent | G12: Physical/environmental risk has never been considered — 'Non-existent'.
A13: INC-01 | B13: Incident Handling | C13: A documented incident response plan/procedure exists. | D13: No incident response plan or procedure of any kind; staff would improvise if an attack occurred. | E13: 1 | F13: Non-existent | G13: No plan, procedure or documentation exists — 'Non-existent'.
A14: INC-02 | B14: Incident Handling | C14: Incidents are detected, logged and tracked through to resolution. | D14: Helpdesk tickets capture some incidents; no central security incident log; no SIEM. | E14: 2 | F14: Ad hoc | G14: Some incidents are captured via helpdesk tickets, but informally and without a dedicated log — 'Ad hoc'.
A15: INC-03 | B15: Incident Handling | C15: Roles and responsibilities during an incident are defined (incl. out-of-hours). | D15: IT Manager is the single point of contact; no deputy, no out-of-hours rota. | E15: 2 | F15: Ad hoc | G15: A single point of contact exists but with no defined backup, rota or documentation — fragile, 'Ad hoc'.
A16: INC-04 | B16: Incident Handling | C16: Incident response is tested (tabletop or simulation) at least annually. | D16: Never tested. | E16: 1 | F16: Non-existent | G16: No exercise has ever been run — 'Non-existent'.
... A55: REG-02 | B55: Registration & Regulator Engagement | C55: Monitoring of Irish transposition (National Cyber Security Bill) and NCSC guidance (RMM, CyFun). | D55: No one is assigned to track regulatory developments. | E55: 1 | F55: Non-existent | G55: No one is assigned to monitor regulatory developments — 'Non-existent'.

Sheet 3. Maturity Dashboard
A1: Maturity Dashboard — HealthNet Ireland Ltd
A2: All figures calculated live from Sheet '2. Current State Assessment'
A4: OVERALL MATURITY
A5: Requirements assessed | B5: =COUNTA('2. Current State Assessment'!$A$5:$A$55) -> 51
A6: Average maturity (1-5 scale) | B6: =AVERAGE('2. Current State Assessment'!$E$5:$E$55) -> 1.5294118
A8: DISTRIBUTION BY LEVEL
A9: Level | B9: Label | C9: Count | D9: % of Total
A10: 1 | B10: Non-existent | C10: =COUNTIF('2. Current State Assessment'!$E$5:$E$55,1) -> 29 | D10: =C10/COUNTA('2. Current State Assessment'!$A$5:$A$55) -> 0.56862745
A11: 2 | B11: Ad hoc | C11: =COUNTIF('2. Current State Assessment'!$E$5:$E$55,2) -> 19 | D11: =C11/COUNTA('2. Current State Assessment'!$A$5:$A$55) -> 0.37254902
A12: 3 | B12: Developing | C12: =COUNTIF('2. Current State Assessment'!$E$5:$E$55,3) -> 1 | D12: =C12/COUNTA('2. Current State Assessment'!$A$5:$A$55) -> 0.019607843
A13: 4 | B13: Defined | C13: =COUNTIF('2. Current State Assessment'!$E$5:$E$55,4) -> 2 | D13: =C13/COUNTA('2. Current State Assessment'!$A$5:$A$55) -> 0.039215686
A14: 5 | B14: Optimised | C14: =COUNTIF('2. Current State Assessment'!$E$5:$E$55,5) -> 0 | D14: =C14/COUNTA('2. Current State Assessment'!$A$5:$A$55) -> 0
A16: AVERAGE MATURITY BY DOMAIN
A17: Domain | B17: Requirements | C17: Avg. Maturity
A18: Governance & Accountability | B18: =COUNTIF('2. Current State Assessment'!$B$5:$B$55,A18) -> 4 | C18: =AVERAGEIF('2. Current State Assessment'!$B$5:$B$55,A18,'2. Current State Assessment'!$E$5:$E$55) -> 1.5
A19: Risk Analysis & Policies | B19: =COUNTIF('2. Current State Assessment'!$B$5:$B$55,A19) -> 4 | C19: =AVERAGEIF('2. Current State Assessment'!$B$5:$B$55,A19,'2. Current State Assessment'!$E$5:$E$55) -> 1.25
A20: Incident Handling | B20: =COUNTIF('2. Current State Assessment'!$B$5:$B$55,A20) -> 5 | C20: =AVERAGEIF('2. Current State Assessment'!$B$5:$B$55,A20,'2. Current State Assessment'!$E$5:$E$55) -> 1.4
A21: Business Continuity & Backup | B21: =COUNTIF('2. Current State Assessment'!$B$5:$B$55,A21) -> 5 | C21: =AVERAGEIF('2. Current State Assessment'!$B$5:$B$55,A21,'2. Current State Assessment'!$E$5:$E$55) -> 1.8
A22: Supply Chain Security | B22: =COUNTIF('2. Current State Assessment'!$B$5:$B$55,A22) -> 4 | C22: =AVERAGEIF('2. Current State Assessment'!$B$5:$B$55,A22,'2. Current State Assessment'!$E$5:$E$55) -> 1.25
A23: Secure Development & Vulnerability Handling | B23: =COUNTIF('2. Current State Assessment'!$B$5:$B$55,A23) -> 4 | C23: =AVERAGEIF('2. Current State Assessment'!$B$5:$B$55,A23,'2. Current State Assessment'!$E$5:$E$55) -> 1.75
A24: Effectiveness Assessment | B24: =COUNTIF('2. Current State Assessment'!$B$5:$B$55,A24) -> 3 | C24: =AVERAGEIF('2. Current State Assessment'!$B$5:$B$55,A24,'2. Current State Assessment'!$E$5:$E$55) -> 1
A25: Cyber Hygiene & Training | B25: =COUNTIF('2. Current State Assessment'!$B$5:$B$55,A25) -> 4 | C25: =AVERAGEIF('2. Current State Assessment'!$B$5:$B$55,A25,'2. Current State Assessment'!$E$5:$E$55) -> 2
A26: Cryptography | B26: =COUNTIF('2. Current State Assessment'!$B$5:$B$55,A26) -> 3 | C26: =AVERAGEIF('2. Current State Assessment'!$B$5:$B$55,A26,'2. Current State Assessment'!$E$5:$E$55) -> 2.3333333
A27: HR, Access Control & Assets | B27: =COUNTIF('2. Current State Assessment'!$B$5:$B$55,A27) -> 5 | C27: =AVERAGEIF('2. Current State Assessment'!$B$5:$B$55,A27,'2. Current State Assessment'!$E$5:$E$55) -> 1.6
A28: Authentication & Secure Comms | B28: =COUNTIF('2. Current State Assessment'!$B$5:$B$55,A28) -> 4 | C28: =AVERAGEIF('2. Current State Assessment'!$B$5:$B$55,A28,'2. Current State Assessment'!$E$5:$E$55) -> 1.75
A29: Incident Reporting | B29: =COUNTIF('2. Current State Assessment'!$B$5:$B$55,A29) -> 4 | C29: =AVERAGEIF('2. Current State Assessment'!$B$5:$B$55,A29,'2. Current State Assessment'!$E$5:$E$55) -> 1
A30: Registration & Regulator Engagement | B30: =COUNTIF('2. Current State Assessment'!$B$5:$B$55,A30) -> 2 | C30: =AVERAGEIF('2. Current State Assessment'!$B$5:$B$55,A30,'2. Current State Assessment'!$E$5:$E$55) -> 1
A32: KEY TAKEAWAYS
A33: 1. Three domains average exactly 1.0 (pure 'Non-existent'): Effectiveness Assessment, Incident Reporting, and Registration & Regulator Engagement. HealthNet has never attempted any activity in these areas at all.
A34: 2. Only two requirements in the entire assessment reach 'Defined' (Level 4): automated backups (BCM-01) and encryption in transit/at rest (CRY-02) — proof this is evidence-based, not uniformly pessimistic.
A35: 3. No requirement reaches 'Optimised' (Level 5) — nothing at HealthNet is yet measured or continuously improved, which is expected and realistic for an organisation at this stage.
A36: 4. 94% of requirements sit at Level 1 or 2 (Non-existent/Ad hoc) — the overall average of roughly 1.5 confirms HealthNet has essentially no formal security programme, only isolated pockets of good technical practice.
A37: 5. The gap between 'Ad hoc' (Level 2) and 'Developing' (Level 3) is usually just documentation — many quick wins in the roadmap involve writing down what already happens informally, not building anything new.
