Workbook

Sheet 1. Gap Analysis
A1: Gap Analysis Document — HealthNet Ireland Ltd
A2: All 48 requirements rated below Level 3 in the Current State Assessment (Task 3) — the 3 requirements at Level 3+ are excluded as they are not gaps by this document's definition
A4: Ref | B4: Domain | C4: Requirement | D4: Current State | E4: Target State | F4: Gap Description | G4: Risk if Unaddressed | H4: Priority
A5: GOV-01 | B5: Governance & Accountability | C5: Management board formally approves the cybersecurity risk-management measures. | D5: Cybersecurity is delegated entirely to the IT Manager; the board has never formally approved the risk-management measures or recorded such approval in minutes. | E5: The board formally reviews and approves the cybersecurity risk-management measures at least annually, with approval recorded in board minutes. | F5: No board-level approval has ever taken place — the entire risk programme has no governance sign-off, leaving cyber treated as an IT-only matter. | G5: Direct breach of Art. 20(1); under the draft Irish National Cyber Security Bill, individual directors could face personal liability for failing to approve these measures. | H5: High
A6: GOV-02 | B6: Governance & Accountability | C6: Management board oversees implementation of the measures and can be held accountable. | D6: Quarterly IT report to the board covers uptime and budget only; no cyber risk KPIs or oversight mechanism. | E6: The board receives a standing quarterly cyber risk report (incidents, top risks, training, patching status) and formally discusses it. | F6: Cyber risk has no visibility at board level; oversight is entirely absent, so accountability cannot be demonstrated. | G6: Breach of the Art. 20(1) oversight duty; regulators specifically look for evidence of board engagement — its absence is a common first-line audit finding. | H6: High
A7: GOV-03 | B7: Governance & Accountability | C7: Members of the management board follow cybersecurity training. | D7: CEO attended one NCSC webinar in 2025; no structured board training programme. | E7: All board members complete an annual, structured cybersecurity training programme appropriate to their oversight role, with attendance recorded. | F7: Training is ad hoc and covers only the CEO; other board members have received none, and nothing is tracked. | G7: Partial breach of Art. 20(2); weakens the board's ability to meaningfully discharge its Art. 20(1) oversight duty. | H7: Medium
A8: GOV-04 | B8: Governance & Accountability | C8: Equivalent training is offered to employees on a regular basis. | D8: Annual security e-learning assigned to all staff; 78% completion rate, no follow-up for non-completers. | E8: Annual training is assigned and tracked to full completion, with escalation for non-completers and role-specific modules for higher-risk staff. | F8: A programme exists but isn't enforced — 22% of staff have effectively received no training this cycle, with no consequence. | G8: Partial breach of Art. 20(2)/21(2)(g); untrained staff are the most common initial entry point for attackers (phishing). | H8: Medium
A9: RSK-01 | B9: Risk Analysis & Policies | C9: A documented information security policy exists, approved by management. | D9: Information Security Policy v2.1 exists, signed by the CEO in 2024, but not reviewed since. | E9: The policy is reviewed and re-approved at least annually, with version history and review dates maintained. | F9: The policy itself is fine, but the process to keep it current has lapsed — it's now overdue for review. | G9: Low immediate legal exposure since a policy exists, but a stale, unreviewed policy is a common minor audit finding. | H9: Medium
A10: RSK-02 | B10: Risk Analysis & Policies | C10: A formal, repeatable risk assessment methodology is defined and applied. | D10: Risks discussed informally at IT team meetings; no methodology, criteria or risk register. | E10: A documented risk assessment methodology (e.g. ISO 27005-aligned scoring) is defined, approved, and applied at least annually. | F10: No methodology exists at all — every other Art. 21(2) measure must be 'proportionate' to assessed risk, but there is no assessed risk to be proportionate to. | G10: Direct breach of the foundational Art. 21(2)(a) requirement; likely the single most significant finding in the whole assessment, since it undermines every other control's justification. | H10: High
A11: RSK-03 | B11: Risk Analysis & Policies | C11: A maintained risk register with owners, scores and treatment decisions exists. | D11: No risk register exists. | E11: A live risk register is maintained with each risk owned, scored, and carrying a documented treatment decision, reviewed quarterly. | F11: There is no artefact recording the organisation's risk position at all — nothing to show a regulator or auditor. | G11: Direct breach of Art. 21(2)(a); a missing risk register is one of the most immediately visible gaps to any external assessor. | H11: High
A12: RSK-04 | B12: Risk Analysis & Policies | C12: An all-hazards approach is taken (physical, environmental and cyber threats considered). | D12: Assessments (informal) consider cyber threats only; physical security of the office server room never reviewed. | E12: Risk assessments explicitly cover physical and environmental hazards (server room access, fire, flood, power loss) alongside cyber threats. | F12: Physical/environmental risk is completely unconsidered, despite Art. 21(1) explicitly requiring an all-hazards view. | G12: Breach of the explicit all-hazards requirement in Art. 21(1); also a real operational blind spot. | H12: Medium
A13: INC-01 | B13: Incident Handling | C13: A documented incident response plan/procedure exists. | D13: No incident response plan or procedure of any kind; staff would improvise if an attack occurred. | E13: A documented IR plan exists covering severity classification, roles (incl. deputy), escalation paths, and playbooks for common scenarios. | F13: There is no plan whatsoever — no defined way to respond to an attack beyond ad hoc improvisation. | G13: Direct breach of Art. 21(2)(b); poor initial response dramatically increases damage and the difficulty of meeting the 24-hour reporting clock — a very likely finding after any real incident. | H13: High
A14: INC-02 | B14: Incident Handling | C14: Incidents are detected, logged and tracked through to resolution. | D14: Helpdesk tickets capture some incidents; no central security incident log; no SIEM. | E14: All security incidents are logged in a dedicated, central incident register and tracked through to resolution with timestamps. | F14: Detection and logging is fragmented across general IT tickets; there is no dedicated security incident visibility. | G14: Weakens Art. 21(2)(b) compliance; incidents may go unlogged, undermining the ability to meet reporting deadlines the organisation doesn't know have started. | H14: Medium
A15: INC-03 | B15: Incident Handling | C15: Roles and responsibilities during an incident are defined (incl. out-of-hours). | D15: IT Manager is the single point of contact; no deputy, no out-of-hours rota. | E15: Incident roles are documented (commander, deputy, comms lead) with a 24/7 on-call rota. | F15: A single named individual is the entire incident response capability, with no redundancy or out-of-hours cover. | G15: Single point of failure; if the IT Manager is unavailable, response could stall entirely — serious given hospitals depend on the platform 24/7. | H15: Medium
... A52: REG-02 | B52: Registration & Regulator Engagement | C52: Monitoring of Irish transposition (National Cyber Security Bill) and NCSC guidance (RMM, CyFun). | D52: No one is assigned to track regulatory developments. | E52: A named owner monitors NCSC and legislative updates, reporting relevant changes to the board and updating the compliance programme accordingly. | F52: Nobody is watching for legal changes that directly affect HealthNet's obligations. | G52: Low immediate legal risk since this is a monitoring gap rather than a substantive control failure, but leaves HealthNet unprepared for imminent regulatory change. | H52: Low

Sheet 2. Priority Summary
A1: Priority Summary — HealthNet Ireland Ltd
A2: Live counts calculated from Sheet '1. Gap Analysis'
A4: GAPS BY PRIORITY
A5: Priority | B5: Count | C5: % of Total | D5: What it means
A6: High | B6: =COUNTIF('1. Gap Analysis'!$H$5:$H$52,"High") -> 16 | C6: =B6/COUNTA('1. Gap Analysis'!$A$5:$A$52) -> 0.33333333 | D6: Legal penalty risk or likely audit finding — fix first.
A7: Medium | B7: =COUNTIF('1. Gap Analysis'!$H$5:$H$52,"Medium") -> 25 | C7: =B7/COUNTA('1. Gap Analysis'!$A$5:$A$52) -> 0.52083333 | D7: Real compliance gap, less immediate legal exposure.
A8: Low | B8: =COUNTIF('1. Gap Analysis'!$H$5:$H$52,"Low") -> 7 | C8: =B8/COUNTA('1. Gap Analysis'!$A$5:$A$52) -> 0.14583333 | D8: Maturity/documentation shortfall — lowest urgency.
A10: HIGH-PRIORITY GAPS BY DOMAIN
A11: Domain | B11: Total Gaps | C11: High Priority
A12: Governance & Accountability | B12: =COUNTIF('1. Gap Analysis'!$B$5:$B$52,A12) -> 4 | C12: =COUNTIFS('1. Gap Analysis'!$B$5:$B$52,A12,'1. Gap Analysis'!$H$5:$H$52,"High") -> 2
A13: Risk Analysis & Policies | B13: =COUNTIF('1. Gap Analysis'!$B$5:$B$52,A13) -> 4 | C13: =COUNTIFS('1. Gap Analysis'!$B$5:$B$52,A13,'1. Gap Analysis'!$H$5:$H$52,"High") -> 2
A14: Incident Handling | B14: =COUNTIF('1. Gap Analysis'!$B$5:$B$52,A14) -> 5 | C14: =COUNTIFS('1. Gap Analysis'!$B$5:$B$52,A14,'1. Gap Analysis'!$H$5:$H$52,"High") -> 1
A15: Business Continuity & Backup | B15: =COUNTIF('1. Gap Analysis'!$B$5:$B$52,A15) -> 4 | C15: =COUNTIFS('1. Gap Analysis'!$B$5:$B$52,A15,'1. Gap Analysis'!$H$5:$H$52,"High") -> 2
A16: Supply Chain Security | B16: =COUNTIF('1. Gap Analysis'!$B$5:$B$52,A16) -> 4 | C16: =COUNTIFS('1. Gap Analysis'!$B$5:$B$52,A16,'1. Gap Analysis'!$H$5:$H$52,"High") -> 1
A17: Secure Development & Vulnerability Handling | B17: =COUNTIF('1. Gap Analysis'!$B$5:$B$52,A17) -> 4 | C17: =COUNTIFS('1. Gap Analysis'!$B$5:$B$52,A17,'1. Gap Analysis'!$H$5:$H$52,"High") -> 0
A18: Effectiveness Assessment | B18: =COUNTIF('1. Gap Analysis'!$B$5:$B$52,A18) -> 3 | C18: =COUNTIFS('1. Gap Analysis'!$B$5:$B$52,A18,'1. Gap Analysis'!$H$5:$H$52,"High") -> 0
A19: Cyber Hygiene & Training | B19: =COUNTIF('1. Gap Analysis'!$B$5:$B$52,A19) -> 3 | C19: =COUNTIFS('1. Gap Analysis'!$B$5:$B$52,A19,'1. Gap Analysis'!$H$5:$H$52,"High") -> 0
A20: Cryptography | B20: =COUNTIF('1. Gap Analysis'!$B$5:$B$52,A20) -> 2 | C20: =COUNTIFS('1. Gap Analysis'!$B$5:$B$52,A20,'1. Gap Analysis'!$H$5:$H$52,"High") -> 1
A21: HR, Access Control & Assets | B21: =COUNTIF('1. Gap Analysis'!$B$5:$B$52,A21) -> 5 | C21: =COUNTIFS('1. Gap Analysis'!$B$5:$B$52,A21,'1. Gap Analysis'!$H$5:$H$52,"High") -> 2
A22: Authentication & Secure Comms | B22: =COUNTIF('1. Gap Analysis'!$B$5:$B$52,A22) -> 4 | C22: =COUNTIFS('1. Gap Analysis'!$B$5:$B$52,A22,'1. Gap Analysis'!$H$5:$H$52,"High") -> 1
A23: Incident Reporting | B23: =COUNTIF('1. Gap Analysis'!$B$5:$B$52,A23) -> 4 | C23: =COUNTIFS('1. Gap Analysis'!$B$5:$B$52,A23,'1. Gap Analysis'!$H$5:$H$52,"High") -> 3
A24: Registration & Regulator Engagement | B24: =COUNTIF('1. Gap Analysis'!$B$5:$B$52,A24) -> 2 | C24: =COUNTIFS('1. Gap Analysis'!$B$5:$B$52,A24,'1. Gap Analysis'!$H$5:$H$52,"High") -> 1
